,Cambodia,Lao_PDR,Thailand,Myanmar
1/7/2017,3,0,0,0
2/7/2017,0,0,0,0
3/7/2017,0,0,0,0
4/7/2017,0,0,0,0
5/7/2017,1,0,0,0
6/7/2017,0,0,0,0
7/7/2017,0,0,0,0
8/7/2017,0,0,0,0
9/7/2017,0,0,1,0
10/7/2017,7,0,0,0
11/7/2017,0,0,0,0
12/7/2017,0,0,0,0
13/7/2017,0,0,0,0
14/7/2017,0,0,0,0
15/7/2017,0,0,3,1
16/7/2017,0,0,0,0
17/7/2017,0,0,0,0
18/7/2017,0,0,0,0
19/7/2017,0,0,0,0
20/7/2017,0,0,0,0
21/7/2017,0,0,0,0
22/7/2017,0,0,0,0
23/7/2017,0,0,0,0
24/7/2017,0,0,0,0
25/7/2017,0,0,0,0
26/7/2017,0,0,0,0
27/7/2017,0,0,1,0
28/7/2017,0,0,0,0
29/7/2017,0,0,0,0
30/7/2017,1,0,1,0
31/7/2017,2,0,2,0
1/8/2017,0,0,1,0
2/8/2017,4,0,1,0
3/8/2017,0,0,0,0
4/8/2017,0,0,0,0
5/8/2017,0,0,2,0
6/8/2017,0,0,0,0
7/8/2017,0,0,0,0
8/8/2017,0,0,0,0
9/8/2017,0,0,1,0
10/8/2017,1,0,3,0
11/8/2017,2,0,12,2
12/8/2017,0,0,2,0
13/8/2017,0,0,0,0
14/8/2017,0,0,1,0
15/8/2017,0,0,0,0
16/8/2017,0,0,0,0
17/8/2017,0,0,0,0
18/8/2017,0,0,0,0
19/8/2017,0,0,0,0
20/8/2017,0,0,0,0
21/8/2017,0,0,5,1
22/8/2017,0,0,6,0
23/8/2017,0,0,2,5
24/8/2017,0,0,0,0
25/8/2017,0,0,0,0
26/8/2017,0,0,1,0
27/8/2017,1,0,0,0
28/8/2017,0,0,1,1
29/8/2017,0,0,0,2
30/8/2017,0,0,0,0
31/8/2017,0,0,2,0
1/9/2017,0,0,9,0
2/9/2017,0,0,0,0
3/9/2017,0,0,0,0
4/9/2017,0,0,0,1
5/9/2017,0,0,0,0
6/9/2017,0,0,19,0
7/9/2017,1,0,0,0
8/9/2017,0,0,0,0
9/9/2017,0,0,2,0
10/9/2017,0,0,2,0
11/9/2017,0,0,9,2
12/9/2017,0,0,3,0
13/9/2017,0,0,6,0
14/9/2017,0,0,1,2
15/9/2017,0,0,0,3
16/9/2017,0,0,0,1
17/9/2017,0,0,0,0
18/9/2017,0,0,7,0
19/9/2017,0,0,1,0
20/9/2017,0,0,0,0
21/9/2017,0,0,5,0
22/9/2017,0,0,0,1
23/9/2017,0,0,0,0
24/9/2017,0,3,0,0
25/9/2017,0,0,0,0
26/9/2017,0,0,0,0
27/9/2017,0,0,11,0
28/9/2017,0,0,11,1
29/9/2017,0,0,0,0
30/9/2017,0,0,0,0
1/10/2017,0,0,0,0
2/10/2017,0,0,0,0
3/10/2017,0,0,0,0
4/10/2017,2,0,1,1
5/10/2017,0,0,0,0
6/10/2017,0,0,0,0
7/10/2017,0,0,0,2
8/10/2017,0,0,1,1
9/10/2017,0,0,0,1
10/10/2017,0,0,0,0
11/10/2017,0,0,0,0
12/10/2017,0,0,0,0
13/10/2017,0,0,0,0
14/10/2017,0,0,0,0
15/10/2017,0,0,0,0
16/10/2017,0,0,0,0
17/10/2017,0,0,0,0
18/10/2017,0,0,0,0
19/10/2017,0,0,8,0
20/10/2017,2,1,2,0
21/10/2017,1,0,0,0
22/10/2017,0,0,0,0
23/10/2017,0,0,1,0
24/10/2017,0,0,0,0
25/10/2017,0,0,0,0
26/10/2017,0,1,0,0
27/10/2017,0,0,0,0
28/10/2017,1,0,0,0
29/10/2017,0,0,6,1
30/10/2017,4,0,4,0
31/10/2017,0,0,1,0
1/11/2017,0,1,0,0
2/11/2017,0,2,1,0
3/11/2017,0,0,3,2
4/11/2017,0,5,6,5
5/11/2017,0,2,0,1
6/11/2017,0,0,0,0
7/11/2017,0,0,0,2
8/11/2017,0,0,0,2
9/11/2017,0,0,1,2
10/11/2017,1,2,2,4
11/11/2017,1,1,0,1
12/11/2017,0,0,0,0
13/11/2017,0,0,1,3
14/11/2017,0,1,10,5
15/11/2017,1,5,13,6
16/11/2017,2,6,4,0
17/11/2017,0,0,0,3
18/11/2017,0,0,2,8
19/11/2017,0,1,2,40
20/11/2017,0,1,8,12
21/11/2017,1,3,2,3
22/11/2017,1,1,0,0
23/11/2017,0,3,0,2
24/11/2017,0,0,8,17
25/11/2017,2,2,37,4
26/11/2017,3,8,13,0
27/11/2017,3,6,3,1
28/11/2017,0,0,0,0
29/11/2017,0,0,2,4
30/11/2017,1,2,10,15
1/12/2017,3,1,25,12
2/12/2017,1,4,28,2
3/12/2017,0,0,17,3
4/12/2017,0,0,11,12
5/12/2017,1,3,23,35
6/12/2017,6,12,95,12
7/12/2017,18,3,41,0
8/12/2017,3,1,5,3
9/12/2017,13,4,1,12
10/12/2017,3,0,51,25
11/12/2017,15,0,60,20
12/12/2017,10,1,29,2
13/12/2017,2,0,19,0
14/12/2017,1,5,0,13
15/12/2017,1,1,12,16
16/12/2017,39,10,37,36
17/12/2017,106,17,112,17
18/12/2017,120,18,35,5
19/12/2017,56,16,37,5
20/12/2017,22,7,43,21
21/12/2017,24,12,56,51
22/12/2017,70,24,110,28
23/12/2017,129,28,68,12
24/12/2017,86,15,39,3
25/12/2017,0,0,0,17
26/12/2017,0,0,0,34
27/12/2017,0,0,0,23
28/12/2017,89,21,11,6
29/12/2017,46,10,12,4
30/12/2017,108,13,8,15
31/12/2017,75,0,12,19
1/1/2018,122,9,55,10
2/1/2018,255,16,92,7
3/1/2018,200,39,51,0
4/1/2018,163,24,38,0
5/1/2018,4,0,47,3
6/1/2018,2,15,34,14
7/1/2018,45,3,34,12
8/1/2018,44,9,31,17
9/1/2018,42,22,29,16
10/1/2018,112,4,2,22
11/1/2018,214,4,4,69
12/1/2018,494,33,64,54
13/1/2018,641,61,82,19
14/1/2018,415,36,49,5
15/1/2018,72,17,2,9
16/1/2018,77,4,50,35
17/1/2018,87,25,92,51
18/1/2018,616,85,134,20
19/1/2018,272,52,93,24
20/1/2018,271,34,40,22
21/1/2018,56,17,21,32
22/1/2018,7,20,74,71
23/1/2018,90,59,158,70
24/1/2018,75,82,128,33
25/1/2018,200,36,32,27
26/1/2018,104,10,11,44
27/1/2018,104,7,19,100
28/1/2018,52,32,84,115
29/1/2018,170,58,101,48
30/1/2018,376,13,26,18
31/1/2018,217,10,46,43
1/2/2018,313,10,71,117
2/2/2018,483,36,124,131
3/2/2018,1251,119,134,56
4/2/2018,967,103,157,21
5/2/2018,517,46,67,27
6/2/2018,186,23,67,65
7/2/2018,370,38,173,126
8/2/2018,369,83,270,71
9/2/2018,204,112,81,11
10/2/2018,109,75,75,32
11/2/2018,98,38,84,63
12/2/2018,235,32,116,154
13/2/2018,509,96,267,181
14/2/2018,682,195,230,75
15/2/2018,329,147,111,55
16/2/2018,99,57,58,106
17/2/2018,113,74,141,249
18/2/2018,147,56,166,348
19/2/2018,300,214,106,172
20/2/2018,383,284,48,120
21/2/2018,69,50,21,148
22/2/2018,52,18,13,252
23/2/2018,65,2,17,426
24/2/2018,355,52,93,276
25/2/2018,553,116,78,110
26/2/2018,398,58,36,80
27/2/2018,220,63,48,204
28/2/2018,124,102,83,282
1/3/2018,72,165,175,369
2/3/2018,189,221,128,248
3/3/2018,86,308,75,156
4/3/2018,43,251,66,308
5/3/2018,26,330,152,555
6/3/2018,114,593,301,937
7/3/2018,415,603,230,476
8/3/2018,206,328,63,368
9/3/2018,258,117,15,314
10/3/2018,193,181,57,550
11/3/2018,341,282,133,750
12/3/2018,313,334,220,482
13/3/2018,245,818,121,260
14/3/2018,71,45,42,421
15/3/2018,35,33,44,633
16/3/2018,51,59,103,704
17/3/2018,68,246,362,304
18/3/2018,136,439,174,384
19/3/2018,85,355,85,646
20/3/2018,50,159,104,1004
21/3/2018,33,91,95,1500
22/3/2018,45,228,198,1562
23/3/2018,245,702,180,812
24/3/2018,208,623,110,819
25/3/2018,90,475,40,764
26/3/2018,35,172,35,781
27/3/2018,215,283,118,1285
28/3/2018,117,238,161,853
29/3/2018,2,354,74,657
30/3/2018,43,99,34,710
31/3/2018,13,132,24,871
1/4/2018,8,177,38,1101
2/4/2018,56,500,68,1062
3/4/2018,83,724,112,803
4/4/2018,48,671,51,316
5/4/2018,16,291,17,547
6/4/2018,25,149,32,686
7/4/2018,7,2,40,608
8/4/2018,73,312,50,70
9/4/2018,114,788,57,255
10/4/2018,86,1519,72,485
11/4/2018,26,2115,273,795
12/4/2018,26,2282,481,1518
13/4/2018,20,3193,272,965
14/4/2018,30,847,128,340
15/4/2018,23,156,60,154
16/4/2018,14,33,57,368
17/4/2018,4,0,30,552
18/4/2018,7,11,106,121
19/4/2018,22,22,74,69
20/4/2018,16,26,23,59
21/4/2018,12,25,42,149
22/4/2018,15,126,109,235
23/4/2018,31,980,354,530
24/4/2018,47,1235,98,440
25/4/2018,17,185,50,235
26/4/2018,10,1,16,102
27/4/2018,5,13,12,144
28/4/2018,6,1,2,235
29/4/2018,0,0,4,36
30/4/2018,0,9,4,30
1/5/2018,2,38,1,45
2/5/2018,0,1,0,14
3/5/2018,1,0,3,20
4/5/2018,1,4,32,13
5/5/2018,18,0,11,10
6/5/2018,6,4,6,15
7/5/2018,6,47,10,12
8/5/2018,5,151,15,27
9/5/2018,2,163,28,39
10/5/2018,2,299,21,35
11/5/2018,2,94,2,25
12/5/2018,7,28,1,3
13/5/2018,4,1,1,11
14/5/2018,0,7,6,27
15/5/2018,5,9,17,27
16/5/2018,8,89,5,35
17/5/2018,6,21,2,2
18/5/2018,4,59,3,5
19/5/2018,5,15,4,11
20/5/2018,3,4,17,6
21/5/2018,5,20,7,11
22/5/2018,1,5,0,9
23/5/2018,0,29,1,3
24/5/2018,0,0,0,0
25/5/2018,0,0,3,2
26/5/2018,3,3,4,3
27/5/2018,2,0,2,0
28/5/2018,1,0,0,0
29/5/2018,0,0,0,0
30/5/2018,0,0,0,0
31/5/2018,0,1,0,0
1/6/2018,5,2,1,0
2/6/2018,0,3,0,0
3/6/2018,0,0,1,0
4/6/2018,0,0,1,0
5/6/2018,0,0,8,1
6/6/2018,0,0,2,0
7/6/2018,1,1,0,1
8/6/2018,0,1,0,0
9/6/2018,0,0,0,0
10/6/2018,1,0,0,0
11/6/2018,0,0,0,0
12/6/2018,0,0,0,0
13/6/2018,5,0,0,0
14/6/2018,0,0,0,0
15/6/2018,2,0,1,0
16/6/2018,1,0,1,0
17/6/2018,7,0,0,0
18/6/2018,1,0,0,0
19/6/2018,0,0,0,0
20/6/2018,0,0,0,0
21/6/2018,4,0,1,0
22/6/2018,12,0,0,0
23/6/2018,6,0,0,0
24/6/2018,3,0,0,0
25/6/2018,0,0,0,0
26/6/2018,0,0,0,0
27/6/2018,0,0,0,0
28/6/2018,0,0,0,0
29/6/2018,0,0,1,0
30/6/2018,1,0,0,0
1/7/2018,9,0,1,0
2/7/2018,20,0,10,0
3/7/2018,25,0,2,0
4/7/2018,18,0,0,0
5/7/2018,0,0,0,1
6/7/2018,0,0,0,0
7/7/2018,2,0,0,0
8/7/2018,0,0,0,0
9/7/2018,4,0,2,0
10/7/2018,0,0,0,0
11/7/2018,0,0,0,0
12/7/2018,0,0,1,0
13/7/2018,0,0,0,0
14/7/2018,0,0,0,0
15/7/2018,0,0,0,0
16/7/2018,0,0,0,1
17/7/2018,0,0,0,0
18/7/2018,0,0,0,0
19/7/2018,0,0,0,1
20/7/2018,0,0,0,0
21/7/2018,0,0,0,0
22/7/2018,0,0,0,0
23/7/2018,1,0,0,0
24/7/2018,0,0,0,0
25/7/2018,3,0,0,0
26/7/2018,0,0,0,0
27/7/2018,0,0,0,0
28/7/2018,0,0,0,0
29/7/2018,1,0,0,0
30/7/2018,0,0,0,0
31/7/2018,0,0,0,0
1/8/2018,1,0,1,0
2/8/2018,0,0,3,0
3/8/2018,2,0,0,0
4/8/2018,3,0,6,0
5/8/2018,1,0,0,0
6/8/2018,0,0,0,0
7/8/2018,0,0,6,0
8/8/2018,0,0,5,0
9/8/2018,0,0,0,0
10/8/2018,0,0,0,0
11/8/2018,0,0,0,0
12/8/2018,0,0,0,0
13/8/2018,0,0,0,0
14/8/2018,0,0,0,0
15/8/2018,2,0,0,0
16/8/2018,0,0,0,0
17/8/2018,0,0,1,0
18/8/2018,0,0,1,0
19/8/2018,0,0,0,0
20/8/2018,0,0,0,0
21/8/2018,0,0,0,0
22/8/2018,0,0,0,0
23/8/2018,0,0,0,0
24/8/2018,0,0,0,0
25/8/2018,0,0,0,0
26/8/2018,0,0,0,0
27/8/2018,0,0,0,0
28/8/2018,0,0,0,0
29/8/2018,0,0,4,0
30/8/2018,0,0,1,0
31/8/2018,2,0,2,0
1/9/2018,1,0,0,0
2/9/2018,0,0,0,0
3/9/2018,0,0,0,0
4/9/2018,0,0,2,0
5/9/2018,0,0,0,0
6/9/2018,1,0,0,0
7/9/2018,0,0,1,0
8/9/2018,0,0,0,0
9/9/2018,0,0,11,0
10/9/2018,0,0,2,0
11/9/2018,0,0,3,0
12/9/2018,0,0,0,0
13/9/2018,0,0,0,0
14/9/2018,0,0,0,1
15/9/2018,0,0,3,0
16/9/2018,0,0,0,1
17/9/2018,0,0,0,1
18/9/2018,0,0,0,0
19/9/2018,0,0,0,0
20/9/2018,1,0,5,0
21/9/2018,0,0,3,0
22/9/2018,0,1,0,0
23/9/2018,0,0,0,0
24/9/2018,0,0,0,1
25/9/2018,0,0,9,1
26/9/2018,1,0,9,0
27/9/2018,2,0,1,0
28/9/2018,0,0,0,0
29/9/2018,0,0,1,0
30/9/2018,0,0,1,0
1/10/2018,1,0,1,0
2/10/2018,1,0,0,0
3/10/2018,0,0,1,0
4/10/2018,0,0,0,0
5/10/2018,0,2,2,0
6/10/2018,1,3,4,0
7/10/2018,2,2,1,0
8/10/2018,0,4,1,0
9/10/2018,0,4,0,0
10/10/2018,0,0,1,0
11/10/2018,0,0,6,0
12/10/2018,5,1,3,0
13/10/2018,3,2,0,0
14/10/2018,4,1,0,0
15/10/2018,0,0,0,0
16/10/2018,0,0,8,1
17/10/2018,0,0,14,0
18/10/2018,0,1,1,3
19/10/2018,0,0,0,0
20/10/2018,0,0,0,0
21/10/2018,0,0,0,0
22/10/2018,0,0,1,3
23/10/2018,1,1,2,0
24/10/2018,0,1,0,0
25/10/2018,0,1,0,0
26/10/2018,0,0,1,0
27/10/2018,1,1,1,0
28/10/2018,4,3,3,0
29/10/2018,3,6,1,0
30/10/2018,1,7,0,0
31/10/2018,0,1,2,1
1/11/2018,0,2,10,6
2/11/2018,14,2,15,5
3/11/2018,7,7,3,0
4/11/2018,1,2,0,0
5/11/2018,0,1,1,3
6/11/2018,2,0,2,11
7/11/2018,1,2,8,4
8/11/2018,0,0,5,2
9/11/2018,3,0,0,0
10/11/2018,1,0,0,0
11/11/2018,0,0,0,1
12/11/2018,1,0,14,6
13/11/2018,4,0,5,1
14/11/2018,4,1,1,0
15/11/2018,1,0,4,3
16/11/2018,3,0,3,19
17/11/2018,1,1,31,34
18/11/2018,7,2,21,7
19/11/2018,6,6,9,1
20/11/2018,12,2,1,1
21/11/2018,17,4,7,8
22/11/2018,18,2,14,36
23/11/2018,15,4,46,14
24/11/2018,17,10,27,1
25/11/2018,4,1,16,0
26/11/2018,0,1,1,8
27/11/2018,0,0,24,43
28/11/2018,8,2,28,24
29/11/2018,14,8,30,8
30/11/2018,11,3,18,4
1/12/2018,23,3,2,6
2/12/2018,22,5,36,31
3/12/2018,16,3,103,21
4/12/2018,68,17,101,35
5/12/2018,49,13,56,9
6/12/2018,51,5,27,9
7/12/2018,0,0,4,5
8/12/2018,1,0,0,43
9/12/2018,27,0,11,24
10/12/2018,86,6,25,4
11/12/2018,86,7,16,2
12/12/2018,51,2,1,5
13/12/2018,60,4,43,14
14/12/2018,237,11,114,13
15/12/2018,119,10,89,8
16/12/2018,252,17,63,4
17/12/2018,141,4,28,22
18/12/2018,143,3,41,45
19/12/2018,252,13,128,25
20/12/2018,296,22,129,3
21/12/2018,183,23,74,3
22/12/2018,157,16,30,16
23/12/2018,73,1,20,38
24/12/2018,201,15,58,84
25/12/2018,268,27,151,29
26/12/2018,293,32,74,8
27/12/2018,41,8,30,14
28/12/2018,3,3,13,32
29/12/2018,0,0,1,54
30/12/2018,103,10,16,41
31/12/2018,474,9,119,19
1/1/2019,165,8,100,71
2/1/2019,98,14,189,48
3/1/2019,282,21,57,10
4/1/2019,371,34,3,19
5/1/2019,191,14,2,33
6/1/2019,173,7,16,85
7/1/2019,702,37,108,13
8/1/2019,602,58,79,1
9/1/2019,387,32,27,3
10/1/2019,181,22,21,7
11/1/2019,172,17,11,25
12/1/2019,267,26,90,23
13/1/2019,947,37,197,14
14/1/2019,737,55,80,16
15/1/2019,331,29,43,21
16/1/2019,95,9,60,60
17/1/2019,189,17,114,77
18/1/2019,588,36,176,53
19/1/2019,715,64,60,16
20/1/2019,392,55,92,11
21/1/2019,110,31,60,30
22/1/2019,157,22,115,51
23/1/2019,319,46,238,73
24/1/2019,918,98,247,39
25/1/2019,428,69,152,20
26/1/2019,198,26,105,53
27/1/2019,204,24,110,79
28/1/2019,281,49,281,114
29/1/2019,640,126,261,26
30/1/2019,329,82,105,14
31/1/2019,153,44,89,25
1/2/2019,167,41,90,77
2/2/2019,234,61,185,170
3/2/2019,250,137,297,108
4/2/2019,136,147,165,43
5/2/2019,87,127,95,52
6/2/2019,41,46,115,113
7/2/2019,89,112,177,204
8/2/2019,177,209,484,219
9/2/2019,233,335,409,66
10/2/2019,184,167,185,29
11/2/2019,194,49,62,52
12/2/2019,241,135,101,224
13/2/2019,318,135,194,320
14/2/2019,356,318,246,155
15/2/2019,359,215,103,71
16/2/2019,160,111,51,125
17/2/2019,50,35,54,267
18/2/2019,98,17,150,345
19/2/2019,294,185,267,193
20/2/2019,93,207,128,87
21/2/2019,78,143,79,95
22/2/2019,48,110,120,222
23/2/2019,100,232,216,478
24/2/2019,177,271,417,434
25/2/2019,309,361,210,158
26/2/2019,313,335,63,88
27/2/2019,161,193,47,126
28/2/2019,127,306,109,248
1/3/2019,135,207,170,550
2/3/2019,216,566,228,296
3/3/2019,174,426,90,143
4/3/2019,121,236,72,234
5/3/2019,125,305,157,296
6/3/2019,220,427,469,260
7/3/2019,473,833,508,95
8/3/2019,268,459,185,12
9/3/2019,170,717,220,247
10/3/2019,59,698,192,468
11/3/2019,277,789,434,897
12/3/2019,490,1243,801,1015
13/3/2019,332,1312,560,592
14/3/2019,126,923,185,423
15/3/2019,79,400,89,606
16/3/2019,126,608,109,835
17/3/2019,182,982,243,1264
18/3/2019,326,916,197,613
19/3/2019,248,881,82,370
20/3/2019,123,471,44,501
21/3/2019,55,758,168,935
22/3/2019,139,1060,354,2002
23/3/2019,187,1696,431,1486
24/3/2019,27,1050,160,687
25/3/2019,4,767,63,921
26/3/2019,72,825,61,1227
27/3/2019,136,372,74,1513
28/3/2019,95,831,170,1173
29/3/2019,158,1090,182,1155
30/3/2019,133,122,40,702
31/3/2019,11,1267,140,966
1/4/2019,10,711,229,1176
2/4/2019,37,1094,277,1531
3/4/2019,54,825,130,674
4/4/2019,9,234,57,550
5/4/2019,13,242,40,878
6/4/2019,20,314,48,1332
7/4/2019,63,520,86,998
8/4/2019,55,761,188,721
9/4/2019,48,1151,93,494
10/4/2019,45,1104,89,698
11/4/2019,29,1617,99,765
12/4/2019,57,1603,124,1380
13/4/2019,37,1075,199,1767
14/4/2019,57,701,166,329
15/4/2019,22,418,69,477
16/4/2019,22,376,98,437
17/4/2019,20,358,129,522
18/4/2019,44,639,228,1123
19/4/2019,127,985,172,553
20/4/2019,81,788,109,446
21/4/2019,37,456,88,305
22/4/2019,39,191,50,243
23/4/2019,50,55,95,538
24/4/2019,87,204,150,429
25/4/2019,35,352,52,229
26/4/2019,53,262,47,211
27/4/2019,68,108,46,331
28/4/2019,28,73,106,387
29/4/2019,226,114,212,304
30/4/2019,85,90,138,168
1/5/2019,77,59,180,79
2/5/2019,69,59,75,63
3/5/2019,50,55,117,84
4/5/2019,43,22,100,28
5/5/2019,0,43,30,27
6/5/2019,38,30,13,24
7/5/2019,2,20,11,51
8/5/2019,1,32,12,191
9/5/2019,0,43,14,331
10/5/2019,3,65,29,242
11/5/2019,0,32,21,80
12/5/2019,0,42,7,36
13/5/2019,0,18,4,21
14/5/2019,1,5,3,33
15/5/2019,0,20,13,68
16/5/2019,18,36,11,31
17/5/2019,8,47,10,16
18/5/2019,9,60,17,41
19/5/2019,23,136,20,75
20/5/2019,22,152,74,199
21/5/2019,22,17,11,79
22/5/2019,14,3,0,30
23/5/2019,4,3,1,11
24/5/2019,2,4,1,8
25/5/2019,4,7,15,7
26/5/2019,12,18,10,5
27/5/2019,6,11,5,12
28/5/2019,2,2,0,12
29/5/2019,0,1,0,9
30/5/2019,0,0,0,17
31/5/2019,2,0,3,16
1/6/2019,6,0,0,4
2/6/2019,3,3,1,4
3/6/2019,0,0,1,2
4/6/2019,3,0,4,0
5/6/2019,8,1,1,2
6/6/2019,1,0,5,0
7/6/2019,2,11,2,0
8/6/2019,2,0,0,0
9/6/2019,0,0,1,1
10/6/2019,0,1,1,4
11/6/2019,4,1,1,0
12/6/2019,7,4,4,0
13/6/2019,6,0,0,0
14/6/2019,0,0,0,0
15/6/2019,14,0,1,0
16/6/2019,2,0,1,0
17/6/2019,4,0,0,0
18/6/2019,0,0,0,0
19/6/2019,2,0,0,0
20/6/2019,6,0,0,0
21/6/2019,12,1,5,0
22/6/2019,13,9,12,1
23/6/2019,17,0,0,0
24/6/2019,1,0,0,0
25/6/2019,0,0,0,0
26/6/2019,10,0,1,0
27/6/2019,15,2,2,0
28/6/2019,4,3,0,1
29/6/2019,2,0,0,0
30/6/2019,0,1,3,0
1/7/2019,0,0,3,0
2/7/2019,0,0,1,0
3/7/2019,0,0,0,1
4/7/2019,0,0,0,0
5/7/2019,1,0,0,0
6/7/2019,0,0,4,0
7/7/2019,1,0,1,0
8/7/2019,4,0,1,0
9/7/2019,16,0,1,0
10/7/2019,6,0,0,0
11/7/2019,6,0,0,0
12/7/2019,29,0,2,0
13/7/2019,32,0,6,1
14/7/2019,16,0,0,0
15/7/2019,20,1,1,0
16/7/2019,20,3,0,0
17/7/2019,8,0,3,1
18/7/2019,16,0,8,1
19/7/2019,19,2,8,2
20/7/2019,3,2,2,0
21/7/2019,0,0,0,0
22/7/2019,1,0,1,0
23/7/2019,7,0,1,0
24/7/2019,9,0,4,0
25/7/2019,0,0,0,0
26/7/2019,3,0,0,0
27/7/2019,0,0,0,0
28/7/2019,2,0,2,0
29/7/2019,0,1,5,0
30/7/2019,16,0,2,0
31/7/2019,0,0,0,0
1/8/2019,0,0,0,0
2/8/2019,0,0,0,0
3/8/2019,0,0,1,0
4/8/2019,0,0,1,0
5/8/2019,0,0,0,0
6/8/2019,0,0,5,0
7/8/2019,0,0,0,0
8/8/2019,0,0,3,0
9/8/2019,2,0,0,0
10/8/2019,0,0,2,0
11/8/2019,0,0,0,0
12/8/2019,0,0,0,0
13/8/2019,0,0,0,0
14/8/2019,1,0,0,0
15/8/2019,1,0,1,0
16/8/2019,0,0,0,0
17/8/2019,0,0,0,1
18/8/2019,14,0,2,0
19/8/2019,27,0,5,0
20/8/2019,0,0,3,0
21/8/2019,19,0,0,0
22/8/2019,0,0,1,0
23/8/2019,0,0,0,0
24/8/2019,0,0,0,0
25/8/2019,4,0,4,1
26/8/2019,0,0,0,1
27/8/2019,0,0,0,0
28/8/2019,1,0,1,0
29/8/2019,0,0,0,1
30/8/2019,0,0,0,0
31/8/2019,0,0,0,1
1/9/2019,0,0,0,0
2/9/2019,0,0,0,0
3/9/2019,0,0,0,0
4/9/2019,0,0,0,0
5/9/2019,0,0,0,0
6/9/2019,0,0,4,0
7/9/2019,0,0,1,0
8/9/2019,0,1,3,0
9/9/2019,2,0,3,0
10/9/2019,0,0,1,0
11/9/2019,0,0,0,0
12/9/2019,5,0,0,0
13/9/2019,0,0,0,0
14/9/2019,0,1,2,0
15/9/2019,0,1,19,1
16/9/2019,0,3,9,1
17/9/2019,0,4,2,0
18/9/2019,0,0,2,1
19/9/2019,0,0,1,1
20/9/2019,0,0,4,1
21/9/2019,0,0,0,1
22/9/2019,0,0,0,0
23/9/2019,0,0,0,0
24/9/2019,0,0,0,0
25/9/2019,0,0,8,1
26/9/2019,0,1,27,1
27/9/2019,1,2,7,0
28/9/2019,0,0,0,1
29/9/2019,0,2,2,0
30/9/2019,0,0,16,5
1/10/2019,0,3,47,1
2/10/2019,5,4,11,0
3/10/2019,0,0,0,0
4/10/2019,0,0,0,0
5/10/2019,0,0,0,4
6/10/2019,0,0,14,0
7/10/2019,2,4,11,1
8/10/2019,0,1,0,1
9/10/2019,0,0,0,0
10/10/2019,0,0,2,0
11/10/2019,0,0,8,3
12/10/2019,1,0,10,1
13/10/2019,0,0,4,0
14/10/2019,0,0,1,0
15/10/2019,0,0,1,0
16/10/2019,0,1,3,5
17/10/2019,1,0,8,4
18/10/2019,3,4,4,2
19/10/2019,3,3,2,0
20/10/2019,1,2,0,3
21/10/2019,0,0,3,12
22/10/2019,1,1,24,8
23/10/2019,4,6,8,6
24/10/2019,0,3,3,0
25/10/2019,3,1,0,4
26/10/2019,0,0,1,21
27/10/2019,2,2,10,16
28/10/2019,4,3,12,16
29/10/2019,1,3,4,3
30/10/2019,0,5,0,4
31/10/2019,0,2,1,10
1/11/2019,0,0,0,55
2/11/2019,0,0,4,11
3/11/2019,0,0,2,11
4/11/2019,0,0,0,1
5/11/2019,0,0,0,0
6/11/2019,0,1,4,13
7/11/2019,0,0,14,5
8/11/2019,3,3,10,2
9/11/2019,2,0,2,0
10/11/2019,0,0,1,2
11/11/2019,0,0,1,13
12/11/2019,0,1,36,33
13/11/2019,0,1,8,15
14/11/2019,1,5,2,0
15/11/2019,4,0,0,2
16/11/2019,0,1,2,14
17/11/2019,0,2,33,33
18/11/2019,7,13,31,21
19/11/2019,10,7,18,5
20/11/2019,0,5,5,2
21/11/2019,1,3,7,12
22/11/2019,0,2,18,37
23/11/2019,4,13,63,20
24/11/2019,10,15,45,7
25/11/2019,13,10,28,1
26/11/2019,10,4,12,7
27/11/2019,0,3,11,29
28/11/2019,1,6,73,54
29/11/2019,11,9,101,13
30/11/2019,14,9,48,5
1/12/2019,0,0,3,6
2/12/2019,1,0,13,15
3/12/2019,4,3,61,36
4/12/2019,41,14,152,23
5/12/2019,47,29,129,9
6/12/2019,31,24,41,5
7/12/2019,22,10,25,16
8/12/2019,29,6,89,63
9/12/2019,63,17,169,46
10/12/2019,72,31,89,4
11/12/2019,48,9,40,6
12/12/2019,11,6,23,15
13/12/2019,10,3,53,42
14/12/2019,103,14,141,61
15/12/2019,187,29,135,19
16/12/2019,116,16,61,3
17/12/2019,46,12,21,14
18/12/2019,16,7,28,47
19/12/2019,16,7,62,53
20/12/2019,239,21,127,28
21/12/2019,353,23,87,21
22/12/2019,144,15,22,10
23/12/2019,51,8,46,33
24/12/2019,105,15,112,74
25/12/2019,260,36,197,56
26/12/2019,136,17,76,12
27/12/2019,320,15,66,6
28/12/2019,274,18,35,26
29/12/2019,226,12,66,56
30/12/2019,161,11,202,66
31/12/2019,620,34,145,46
1/1/2020,693,31,35,11
2/1/2020,201,14,24,14
3/1/2020,91,3,52,29
4/1/2020,427,21,110,55
5/1/2020,836,20,27,1
6/1/2020,780,57,119,17
7/1/2020,248,21,49,10
8/1/2020,129,12,59,48
9/1/2020,272,19,106,76
10/1/2020,600,42,219,94
11/1/2020,378,79,156,31
12/1/2020,243,38,88,14
13/1/2020,386,20,63,40
14/1/2020,493,22,73,121
15/1/2020,521,39,132,138
16/1/2020,792,117,174,71
17/1/2020,654,83,99,25
18/1/2020,379,43,80,40
19/1/2020,251,16,70,58
20/1/2020,557,37,134,188
21/1/2020,689,92,221,162
22/1/2020,712,89,113,62
23/1/2020,346,66,52,49
24/1/2020,138,7,30,90
25/1/2020,174,38,191,327
26/1/2020,144,65,517,240
27/1/2020,387,28,287,97
28/1/2020,250,16,72,49
29/1/2020,82,14,53,87
30/1/2020,89,2,91,160
31/1/2020,211,41,232,222
1/2/2020,754,102,216,127
2/2/2020,678,90,128,57
3/2/2020,322,57,47,146
4/2/2020,161,44,79,218
5/2/2020,380,52,144,426
6/2/2020,495,113,216,269
7/2/2020,608,168,153,112
8/2/2020,301,92,92,83
9/2/2020,244,59,62,195
10/2/2020,6,34,122,235
11/2/2020,134,128,227,341
12/2/2020,280,207,226,186
13/2/2020,176,157,81,131
14/2/2020,91,198,113,251
15/2/2020,153,230,228,298
16/2/2020,210,232,461,418
17/2/2020,241,184,390,187
18/2/2020,657,264,144,177
19/2/2020,330,138,82,237
20/2/2020,268,79,110,388
21/2/2020,399,101,333,555
22/2/2020,1028,270,455,403
23/2/2020,953,424,250,127
24/2/2020,358,177,125,100
25/2/2020,168,249,129,180
26/2/2020,108,209,195,396
27/2/2020,156,256,152,312
28/2/2020,505,387,175,159
29/2/2020,221,348,92,237
1/3/2020,56,256,84,414
2/3/2020,84,340,104,595
3/3/2020,106,345,158,646
4/3/2020,135,143,60,327
5/3/2020,126,109,36,262
6/3/2020,37,25,17,224
7/3/2020,27,79,59,421
8/3/2020,133,254,275,1090
9/3/2020,300,782,508,1064
10/3/2020,313,1143,293,634
11/3/2020,83,686,145,663
12/3/2020,95,1345,179,848
13/3/2020,142,1522,284,1355
14/3/2020,157,1295,398,1484
15/3/2020,398,715,72,571
16/3/2020,150,554,34,483
17/3/2020,89,720,74,1067
18/3/2020,72,572,137,1580
19/3/2020,160,650,213,1698
20/3/2020,145,530,130,886
21/3/2020,263,897,128,407
22/3/2020,52,596,64,621
23/3/2020,42,370,123,822
24/3/2020,99,464,265,1732
25/3/2020,184,419,321,1726
26/3/2020,72,684,202,903
27/3/2020,74,584,107,1111
28/3/2020,53,1293,160,1684
29/3/2020,100,1336,310,1660
30/3/2020,189,1693,587,2045
31/3/2020,154,3953,283,1149
1/4/2020,69,2163,175,949
2/4/2020,64,1073,193,1180
3/4/2020,104,739,188,1311
4/4/2020,126,834,390,2078
5/4/2020,200,528,178,769
6/4/2020,24,289,74,721
7/4/2020,22,135,33,715
8/4/2020,10,128,70,591
9/4/2020,18,170,112,892
10/4/2020,7,192,107,527
11/4/2020,14,318,61,413
12/4/2020,19,242,36,257
13/4/2020,0,18,17,382
14/4/2020,5,53,26,489
15/4/2020,6,215,70,637
16/4/2020,26,775,53,221
17/4/2020,6,484,15,140
18/4/2020,13,156,13,309
19/4/2020,10,345,63,339
20/4/2020,46,835,108,424
21/4/2020,78,1560,86,308
22/4/2020,26,428,56,111
23/4/2020,25,63,14,143
24/4/2020,8,0,14,158
25/4/2020,7,2,14,114
26/4/2020,58,10,21,59
27/4/2020,21,21,4,5
28/4/2020,71,82,27,7
29/4/2020,17,81,9,4
30/4/2020,24,33,18,36
1/5/2020,22,14,26,36
2/5/2020,12,35,22,25
3/5/2020,12,63,13,21
4/5/2020,7,123,15,76
5/5/2020,18,379,62,96
6/5/2020,23,382,103,148
7/5/2020,27,459,60,100
8/5/2020,17,97,24,120
9/5/2020,17,32,7,110
10/5/2020,0,26,15,101
11/5/2020,0,19,15,195
12/5/2020,15,31,26,37
13/5/2020,28,27,12,22
14/5/2020,13,6,3,20
15/5/2020,5,19,6,39
16/5/2020,4,25,25,76
17/5/2020,5,30,16,10
18/5/2020,21,7,9,23
19/5/2020,22,32,1,3
20/5/2020,15,13,1,0
21/5/2020,0,2,1,0
22/5/2020,23,1,11,2
23/5/2020,1,37,10,5
24/5/2020,1,4,1,2
25/5/2020,3,9,3,7
26/5/2020,0,4,6,12
27/5/2020,4,11,7,2
28/5/2020,1,1,11,0
29/5/2020,0,2,1,0
30/5/2020,1,0,0,0
31/5/2020,1,0,1,0
1/6/2020,0,2,2,0
2/6/2020,0,0,6,1
3/6/2020,4,3,7,3
4/6/2020,3,7,1,0
5/6/2020,1,1,0,0
6/6/2020,1,0,0,1
7/6/2020,3,0,2,0
8/6/2020,13,0,1,0
9/6/2020,13,2,2,1
10/6/2020,0,0,0,0
11/6/2020,0,0,0,1
12/6/2020,3,0,6,0
13/6/2020,9,2,6,0
14/6/2020,0,1,0,0
15/6/2020,0,0,0,0
16/6/2020,0,0,0,0
17/6/2020,2,0,0,0
18/6/2020,1,0,0,0
19/6/2020,4,0,1,0
20/6/2020,2,0,0,0
21/6/2020,0,2,2,0
22/6/2020,2,0,1,1
23/6/2020,3,0,1,3
24/6/2020,5,1,7,0
25/6/2020,3,1,1,0
26/6/2020,4,0,0,0
27/6/2020,0,1,0,0
28/6/2020,2,2,1,0
29/6/2020,3,0,4,0
30/6/2020,0,0,2,0
1/7/2020,0,0,0,0
2/7/2020,0,0,0,0
3/7/2020,0,0,0,0
4/7/2020,0,0,0,0
5/7/2020,5,0,3,0
6/7/2020,2,1,1,0
7/7/2020,0,0,0,0
8/7/2020,0,0,1,0
9/7/2020,0,0,2,0
10/7/2020,6,1,5,0
11/7/2020,3,2,1,0
12/7/2020,1,0,1,0
13/7/2020,0,0,0,0
14/7/2020,3,0,0,0
15/7/2020,1,0,0,0
16/7/2020,5,0,2,1
17/7/2020,2,1,0,0
18/7/2020,1,0,0,0
19/7/2020,3,0,0,0
20/7/2020,0,0,2,0
21/7/2020,1,0,2,0
22/7/2020,0,1,1,0
23/7/2020,0,1,0,0
24/7/2020,0,0,1,0
25/7/2020,1,0,3,0
26/7/2020,1,3,3,0
27/7/2020,2,0,0,0
28/7/2020,0,0,0,0
29/7/2020,0,0,1,0
30/7/2020,0,1,0,0
31/7/2020,0,0,5,0
1/8/2020,0,0,1,0
2/8/2020,0,0,0,0
3/8/2020,0,0,0,0
4/8/2020,0,0,0,0
5/8/2020,0,0,0,0
6/8/2020,2,0,5,0
7/8/2020,0,0,0,0
8/8/2020,0,0,0,0
9/8/2020,0,0,2,0
10/8/2020,0,0,2,0
11/8/2020,2,0,2,0
12/8/2020,1,1,0,0
13/8/2020,0,0,0,0
14/8/2020,0,0,0,0
15/8/2020,0,0,0,0
16/8/2020,1,0,0,0
17/8/2020,1,0,2,0
18/8/2020,2,0,0,0
19/8/2020,0,0,0,0
20/8/2020,0,0,5,0
21/8/2020,2,0,3,0
22/8/2020,3,0,2,0
23/8/2020,1,0,0,0
24/8/2020,3,1,0,0
25/8/2020,1,0,6,1
26/8/2020,5,1,30,0
27/8/2020,4,0,2,0
28/8/2020,5,1,1,0
29/8/2020,1,0,0,0
30/8/2020,1,0,4,0
31/8/2020,1,0,2,0
1/9/2020,0,0,1,1
2/9/2020,0,2,5,0
3/9/2020,0,0,0,0
4/9/2020,0,0,1,0
5/9/2020,2,0,0,0
6/9/2020,1,0,13,2
7/9/2020,4,0,0,0
8/9/2020,5,0,0,0
9/9/2020,1,0,0,0
10/9/2020,0,0,1,0
11/9/2020,0,0,11,1
12/9/2020,1,0,1,0
13/9/2020,1,0,0,0
14/9/2020,0,0,0,0
15/9/2020,0,0,0,0
16/9/2020,0,0,4,0
17/9/2020,0,0,2,1
18/9/2020,0,0,0,0
19/9/2020,0,0,0,0
20/9/2020,0,0,0,0
21/9/2020,0,0,0,0
22/9/2020,0,0,1,0
23/9/2020,0,0,1,0
24/9/2020,1,0,1,0
25/9/2020,0,0,0,0
26/9/2020,0,0,1,0
27/9/2020,0,0,10,2
28/9/2020,0,0,2,1
29/9/2020,0,1,0,1
30/9/2020,0,0,0,0
1/10/2020,0,0,1,0
2/10/2020,0,0,1,2
3/10/2020,0,0,0,0
4/10/2020,2,0,0,0
5/10/2020,0,0,0,0
6/10/2020,0,0,0,0
7/10/2020,0,0,0,2
8/10/2020,0,0,0,1
9/10/2020,0,0,1,1
10/10/2020,0,0,0,1
11/10/2020,0,4,0,1
12/10/2020,0,0,0,5
13/10/2020,0,0,0,2
14/10/2020,0,0,1,5
15/10/2020,0,0,0,1
16/10/2020,0,0,0,0
17/10/2020,0,0,0,0
18/10/2020,0,0,0,1
19/10/2020,0,0,0,0
20/10/2020,0,0,0,0
21/10/2020,0,0,1,0
22/10/2020,0,0,0,1
23/10/2020,0,0,0,2
24/10/2020,1,2,11,0
25/10/2020,2,6,6,1
26/10/2020,0,0,0,0
27/10/2020,0,0,0,0
28/10/2020,0,0,0,0
29/10/2020,0,0,0,2
30/10/2020,0,0,2,1
31/10/2020,1,0,0,0
1/11/2020,0,0,0,0
2/11/2020,0,0,0,0
3/11/2020,0,0,6,4
4/11/2020,1,0,10,3
5/11/2020,2,0,0,1
6/11/2020,1,1,0,0
7/11/2020,0,0,0,1
8/11/2020,0,1,2,8
9/11/2020,0,6,24,9
10/11/2020,0,6,11,5
11/11/2020,0,1,0,0
12/11/2020,0,1,0,1
13/11/2020,0,0,1,14
14/11/2020,0,4,41,34
15/11/2020,1,0,32,8
16/11/2020,1,0,5,1
17/11/2020,1,0,1,1
18/11/2020,0,0,4,10
19/11/2020,1,0,16,17
20/11/2020,0,5,47,6
21/11/2020,4,2,18,5
22/11/2020,1,0,3,1
23/11/2020,2,0,5,17
24/11/2020,0,0,19,38
25/11/2020,3,4,45,26
26/11/2020,7,4,28,7
27/11/2020,7,2,2,3
28/11/2020,1,4,1,6
29/11/2020,0,1,13,36
30/11/2020,0,2,87,46
1/12/2020,0,7,75,10
2/12/2020,1,2,19,4
3/12/2020,6,2,2,3
4/12/2020,2,0,14,25
5/12/2020,7,1,68,40
6/12/2020,14,1,117,27
7/12/2020,16,6,51,5
8/12/2020,8,7,19,8
9/12/2020,2,0,14,28
10/12/2020,0,1,40,39
11/12/2020,1,8,89,39
12/12/2020,8,14,42,10
13/12/2020,3,5,25,8
14/12/2020,4,5,5,5
15/12/2020,0,3,12,63
16/12/2020,9,4,54,56
17/12/2020,16,14,95,15
18/12/2020,31,12,24,1
19/12/2020,3,4,16,12
20/12/2020,0,4,7,39
21/12/2020,6,1,36,56
22/12/2020,13,9,53,32
23/12/2020,29,8,23,13
24/12/2020,1,2,15,7
25/12/2020,2,4,5,30
26/12/2020,7,5,31,71
27/12/2020,61,14,60,70
28/12/2020,139,12,38,42
29/12/2020,80,10,13,24
30/12/2020,63,7,6,38
31/12/2020,27,0,28,75
1/1/2021,106,4,64,81
2/1/2021,122,29,101,41
3/1/2021,199,41,36,20
4/1/2021,72,2,8,47
5/1/2021,32,1,27,86
6/1/2021,76,15,52,109
7/1/2021,141,16,96,124
8/1/2021,397,19,50,51
9/1/2021,165,19,21,22
10/1/2021,151,5,30,67
11/1/2021,127,6,55,85
12/1/2021,480,24,86,81
13/1/2021,570,50,79,38
14/1/2021,259,31,18,12
15/1/2021,141,10,10,63
16/1/2021,133,8,54,160
17/1/2021,321,17,96,205
18/1/2021,663,44,104,86
19/1/2021,119,43,45,27
20/1/2021,92,7,24,69
21/1/2021,60,17,45,118
22/1/2021,52,19,92,233
23/1/2021,123,44,182,236
24/1/2021,107,55,75,77
25/1/2021,95,23,28,63
26/1/2021,251,16,38,122
27/1/2021,164,22,92,268
28/1/2021,383,35,155,281
29/1/2021,1058,70,112,145
30/1/2021,691,61,40,53
31/1/2021,387,37,41,160
1/2/2021,382,32,60,325
2/2/2021,579,50,178,365
3/2/2021,1275,91,156,228
4/2/2021,787,105,88,131
5/2/2021,351,37,56,150
6/2/2021,254,49,84,151
7/2/2021,198,51,183,111
8/2/2021,376,37,97,80
9/2/2021,162,18,8,58
10/2/2021,8,0,7,92
11/2/2021,96,8,26,182
12/2/2021,355,14,122,385
13/2/2021,446,53,228,345
14/2/2021,491,95,131,156
15/2/2021,160,60,64,136
16/2/2021,177,83,47,174
17/2/2021,351,60,67,336
18/2/2021,536,57,228,426
19/2/2021,963,137,176,92
20/2/2021,652,172,109,34
21/2/2021,249,77,59,42
22/2/2021,142,122,87,265
23/2/2021,293,293,238,580
24/2/2021,303,241,230,421
25/2/2021,259,449,148,241
26/2/2021,145,303,95,247
27/2/2021,112,211,122,413
28/2/2021,121,190,321,914
1/3/2021,88,334,514,1009
2/3/2021,197,688,172,529
3/3/2021,281,105,33,292
4/3/2021,162,65,24,334
5/3/2021,125,112,83,1555
6/3/2021,298,224,280,1395
7/3/2021,517,330,203,610
8/3/2021,350,181,66,395
9/3/2021,206,313,35,474
10/3/2021,138,250,47,217
11/3/2021,244,608,60,883
12/3/2021,470,926,155,999
13/3/2021,459,807,90,567
14/3/2021,228,666,37,417
15/3/2021,94,375,41,800
16/3/2021,138,1056,76,1309
17/3/2021,178,1073,77,1262
18/3/2021,219,1398,79,815
19/3/2021,137,982,46,874
20/3/2021,26,705,29,908
21/3/2021,90,231,79,632
22/3/2021,208,74,91,1442
23/3/2021,512,480,152,1107
24/3/2021,140,479,61,730
25/3/2021,82,742,13,953
26/3/2021,65,569,36,1281
27/3/2021,73,990,58,1916
28/3/2021,151,1390,117,523
29/3/2021,108,1802,101,542
30/3/2021,83,755,37,1175
31/3/2021,75,1364,66,928
1/4/2021,117,1483,84,1328
2/4/2021,113,1286,150,1291
3/4/2021,35,1038,43,660
4/4/2021,60,92,0,12
5/4/2021,21,157,3,147
6/4/2021,59,202,3,559
7/4/2021,98,126,8,585
8/4/2021,59,123,21,233
9/4/2021,26,287,19,259
10/4/2021,25,213,10,712
11/4/2021,6,323,14,550
12/4/2021,54,254,28,1161
13/4/2021,20,478,27,950
14/4/2021,8,603,15,357
15/4/2021,18,746,21,437
16/4/2021,0,729,13,73
17/4/2021,3,2,4,43
18/4/2021,25,6,17,152
19/4/2021,27,21,12,134
20/4/2021,11,115,18,265
21/4/2021,23,509,100,737
22/4/2021,0,1158,82,907
23/4/2021,2,2063,83,1140
24/4/2021,18,1767,46,599
25/4/2021,37,189,23,274
26/4/2021,22,49,2,261
27/4/2021,0,0,0,245
28/4/2021,3,1,1,195
29/4/2021,7,3,2,151
30/4/2021,36,15,2,66
1/5/2021,12,25,0,53
2/5/2021,4,31,4,61
3/5/2021,8,24,15,93
4/5/2021,28,50,105,104
5/5/2021,49,134,59,87
6/5/2021,22,14,2,71
7/5/2021,11,36,1,73
8/5/2021,1,35,1,107
9/5/2021,5,38,4,50
10/5/2021,9,73,26,15
11/5/2021,11,97,10,24
12/5/2021,0,41,7,3
13/5/2021,0,10,5,24
14/5/2021,0,0,3,24
15/5/2021,1,3,20,31
16/5/2021,6,67,21,25
17/5/2021,8,44,6,40
18/5/2021,0,15,0,18
19/5/2021,1,10,2,12
20/5/2021,1,3,6,11
21/5/2021,15,9,8,10
22/5/2021,2,43,3,10
23/5/2021,2,41,0,1
24/5/2021,0,0,0,4
25/5/2021,0,0,1,4
26/5/2021,0,0,2,0
27/5/2021,1,1,2,0
28/5/2021,3,9,0,1
29/5/2021,3,1,0,10
30/5/2021,6,2,0,1
31/5/2021,13,2,9,5
1/6/2021,32,11,3,1
2/6/2021,7,12,2,2
3/6/2021,0,0,0,0
4/6/2021,3,0,0,3
5/6/2021,0,0,2,0
6/6/2021,11,0,4,0
7/6/2021,0,0,0,0
8/6/2021,0,0,0,0
9/6/2021,0,0,0,0
10/6/2021,0,0,0,0
11/6/2021,1,0,0,0
12/6/2021,0,0,0,0
13/6/2021,0,0,0,0
14/6/2021,0,0,0,0
15/6/2021,0,0,0,0
16/6/2021,2,0,1,0
17/6/2021,11,1,1,0
18/6/2021,12,0,1,0
19/6/2021,8,5,0,0
20/6/2021,4,1,0,0
21/6/2021,18,0,5,0
22/6/2021,19,0,2,3
23/6/2021,6,1,0,0
24/6/2021,1,0,0,0
25/6/2021,1,0,0,0
26/6/2021,3,0,3,0
27/6/2021,14,0,6,0
28/6/2021,26,0,0,0
29/6/2021,4,2,0,0
30/6/2021,5,0,0,0
1/7/2021,6,0,2,0
2/7/2021,40,7,0,0
